{
  "metrics_layered": {
    "precision": 0.9882352941176471,
    "recall": 0.9438202247191011,
    "f1": 0.9655172413793103,
    "accuracy": 0.9933333333333333
  },
  "metrics_fast": {
    "precision": 0.9770114942528736,
    "recall": 0.9550561797752809,
    "f1": 0.9659090909090908,
    "accuracy": 0.9933333333333333
  },
  "metrics_heavy": {
    "precision": 1.0,
    "recall": 1.0,
    "f1": 1.0,
    "accuracy": 1.0
  },
  "confusion_matrix": null,
  "distribution_pct": {
    "surface": 0.8855555555555555,
    "monitor": 0.02,
    "quarantine": 0.09444444444444444
  },
  "policy_comparison": [
    {
      "policy": "fast_only",
      "precision": 0.977011,
      "recall": 0.955056,
      "f1": 0.965909,
      "accuracy": 0.993333,
      "avg_cost_usd": 0.0001,
      "avg_latency_ms": 10.0,
      "pct_heavy": 0.0,
      "pct_surface": NaN,
      "pct_quarantine": NaN,
      "cost_per_1M_usd": 100.0
    },
    {
      "policy": "heavy_only",
      "precision": 1.0,
      "recall": 1.0,
      "f1": 1.0,
      "accuracy": 1.0,
      "avg_cost_usd": 0.05,
      "avg_latency_ms": 2000.0,
      "pct_heavy": 1.0,
      "pct_surface": NaN,
      "pct_quarantine": NaN,
      "cost_per_1M_usd": 50000.0
    },
    {
      "policy": "layered",
      "precision": 0.988636,
      "recall": 0.977528,
      "f1": 0.983051,
      "accuracy": 0.996667,
      "avg_cost_usd": 0.0011,
      "avg_latency_ms": 50.0,
      "pct_heavy": 0.02,
      "pct_surface": 0.885556,
      "pct_quarantine": 0.094444,
      "cost_per_1M_usd": 1100.0
    }
  ],
  "roc_auc": 0.9999168733288076
}